73301,AUSTIN,TX,TRAVIS
73344,AUSTIN,TX,TRAVIS
75001,ADDISON,TX,DALLAS
75002,ALLEN,TX,COLLIN
75006,CARROLLTON,TX,DALLAS
75007,CARROLLTON,TX,DENTON
75009,CELINA,TX,COLLIN
75010,CARROLLTON,TX,DENTON
75011,CARROLLTON,TX,DALLAS
75013,ALLEN,TX,COLLIN
75014,IRVING,TX,DALLAS
75015,IRVING,TX,DALLAS
75016,IRVING,TX,DALLAS
75017,IRVING,TX,DALLAS
75019,COPPELL,TX,DALLAS
75022,FLOWER MOUND,TX,DENTON
75023,PLANO,TX,COLLIN
75024,PLANO,TX,COLLIN
75025,PLANO,TX,COLLIN
75026,PLANO,TX,COLLIN
75027,FLOWER MOUND,TX,DENTON
75028,FLOWER MOUND,TX,DENTON
75029,LEWISVILLE,TX,DENTON
75030,ROWLETT,TX,DALLAS
75032,ROCKWALL,TX,ROCKWALL
75033,FRISCO,TX,DENTON
75034,FRISCO,TX,DENTON
75035,FRISCO,TX,COLLIN
75038,IRVING,TX,DALLAS
75039,IRVING,TX,DALLAS
75040,GARLAND,TX,DALLAS
75041,GARLAND,TX,DALLAS
75042,GARLAND,TX,DALLAS
75043,GARLAND,TX,DALLAS
75044,GARLAND,TX,DALLAS
75045,GARLAND,TX,DALLAS
75046,GARLAND,TX,DALLAS
75047,GARLAND,TX,DALLAS
75048,SACHSE,TX,DALLAS
75049,GARLAND,TX,DALLAS
75050,GRAND PRAIRIE,TX,DALLAS
75051,GRAND PRAIRIE,TX,DALLAS
75052,GRAND PRAIRIE,TX,DALLAS
75053,GRAND PRAIRIE,TX,DALLAS
75054,GRAND PRAIRIE,TX,DALLAS
75056,THE COLONY,TX,DENTON
75057,LEWISVILLE,TX,DENTON
75060,IRVING,TX,DALLAS
75061,IRVING,TX,DALLAS
75062,IRVING,TX,DALLAS
75063,IRVING,TX,DALLAS
75065,LAKE DALLAS,TX,DENTON
75067,LEWISVILLE,TX,DENTON
75068,LITTLE ELM,TX,DENTON
75069,MCKINNEY,TX,COLLIN
75070,MCKINNEY,TX,COLLIN
75071,MCKINNEY,TX,COLLIN
75074,PLANO,TX,COLLIN
75075,PLANO,TX,COLLIN
75077,LEWISVILLE,TX,DENTON
75078,PROSPER,TX,COLLIN
75080,RICHARDSON,TX,DALLAS
75081,RICHARDSON,TX,DALLAS
75082,RICHARDSON,TX,DALLAS
75083,RICHARDSON,TX,DALLAS
75085,RICHARDSON,TX,DALLAS
75086,PLANO,TX,COLLIN
75087,ROCKWALL,TX,ROCKWALL
75088,ROWLETT,TX,DALLAS
75089,ROWLETT,TX,DALLAS
75093,PLANO,TX,COLLIN
75094,PLANO,TX,COLLIN
75097,WESTON,TX,COLLIN
75098,WYLIE,TX,COLLIN
75099,COPPELL,TX,DALLAS
75101,BARDWELL,TX,ELLIS
75102,BARRY,TX,NAVARRO
75103,CANTON,TX,VAN ZANDT
75104,CEDAR HILL,TX,DALLAS
75105,CHATFIELD,TX,NAVARRO
75106,CEDAR HILL,TX,DALLAS
75109,CORSICANA,TX,NAVARRO
75110,CORSICANA,TX,NAVARRO
75115,DESOTO,TX,DALLAS
75116,DUNCANVILLE,TX,DALLAS
75118,ELMO,TX,KAUFMAN
75119,ENNIS,TX,ELLIS
75120,ENNIS,TX,ELLIS
75121,COPEVILLE,TX,COLLIN
75123,DESOTO,TX,DALLAS
75124,EUSTACE,TX,HENDERSON
75125,FERRIS,TX,ELLIS
75126,FORNEY,TX,KAUFMAN
75127,FRUITVALE,TX,VAN ZANDT
75132,FATE,TX,ROCKWALL
75134,LANCASTER,TX,DALLAS
75135,CADDO MILLS,TX,HUNT
75137,DUNCANVILLE,TX,DALLAS
75138,DUNCANVILLE,TX,DALLAS
75140,GRAND SALINE,TX,VAN ZANDT
75141,HUTCHINS,TX,DALLAS
75142,KAUFMAN,TX,KAUFMAN
75143,KEMP,TX,KAUFMAN
75144,KERENS,TX,NAVARRO
75146,LANCASTER,TX,DALLAS
75147,MABANK,TX,KAUFMAN
75148,MALAKOFF,TX,HENDERSON
75149,MESQUITE,TX,DALLAS
75150,MESQUITE,TX,DALLAS
75151,CORSICANA,TX,NAVARRO
75152,PALMER,TX,ELLIS
75153,POWELL,TX,NAVARRO
75154,RED OAK,TX,ELLIS
75155,RICE,TX,NAVARRO
75156,MABANK,TX,HENDERSON
75157,ROSSER,TX,KAUFMAN
75158,SCURRY,TX,KAUFMAN
75159,SEAGOVILLE,TX,DALLAS
75160,TERRELL,TX,KAUFMAN
75161,TERRELL,TX,KAUFMAN
75163,TRINIDAD,TX,HENDERSON
75164,JOSEPHINE,TX,COLLIN
75165,WAXAHACHIE,TX,ELLIS
75166,LAVON,TX,COLLIN
75167,WAXAHACHIE,TX,ELLIS
75168,WAXAHACHIE,TX,ELLIS
75169,WILLS POINT,TX,VAN ZANDT
75172,WILMER,TX,DALLAS
75173,NEVADA,TX,COLLIN
75180,BALCH SPRINGS,TX,DALLAS
75181,MESQUITE,TX,DALLAS
75182,SUNNYVALE,TX,DALLAS
75185,MESQUITE,TX,DALLAS
75187,MESQUITE,TX,DALLAS
75189,ROYSE CITY,TX,ROCKWALL
75201,DALLAS,TX,DALLAS
75202,DALLAS,TX,DALLAS
75203,DALLAS,TX,DALLAS
75204,DALLAS,TX,DALLAS
75205,DALLAS,TX,DALLAS
75206,DALLAS,TX,DALLAS
75207,DALLAS,TX,DALLAS
75208,DALLAS,TX,DALLAS
75209,DALLAS,TX,DALLAS
75210,DALLAS,TX,DALLAS
75211,DALLAS,TX,DALLAS
75212,DALLAS,TX,DALLAS
75214,DALLAS,TX,DALLAS
75215,DALLAS,TX,DALLAS
75216,DALLAS,TX,DALLAS
75217,DALLAS,TX,DALLAS
75218,DALLAS,TX,DALLAS
75219,DALLAS,TX,DALLAS
75220,DALLAS,TX,DALLAS
75221,DALLAS,TX,DALLAS
75222,DALLAS,TX,DALLAS
75223,DALLAS,TX,DALLAS
75224,DALLAS,TX,DALLAS
75225,DALLAS,TX,DALLAS
75226,DALLAS,TX,DALLAS
75227,DALLAS,TX,DALLAS
75228,DALLAS,TX,DALLAS
75229,DALLAS,TX,DALLAS
75230,DALLAS,TX,DALLAS
75231,DALLAS,TX,DALLAS
75232,DALLAS,TX,DALLAS
75233,DALLAS,TX,DALLAS
75234,DALLAS,TX,DALLAS
75235,DALLAS,TX,DALLAS
75236,DALLAS,TX,DALLAS
75237,DALLAS,TX,DALLAS
75238,DALLAS,TX,DALLAS
75240,DALLAS,TX,DALLAS
75241,DALLAS,TX,DALLAS
75242,DALLAS,TX,DALLAS
75243,DALLAS,TX,DALLAS
75244,DALLAS,TX,DALLAS
75246,DALLAS,TX,DALLAS
75247,DALLAS,TX,DALLAS
75248,DALLAS,TX,DALLAS
75249,DALLAS,TX,DALLAS
75250,DALLAS,TX,DALLAS
75251,DALLAS,TX,DALLAS
75252,DALLAS,TX,COLLIN
75253,DALLAS,TX,DALLAS
75254,DALLAS,TX,DALLAS
75260,DALLAS,TX,DALLAS
75261,DALLAS,TX,DALLAS
75265,DALLAS,TX,DALLAS
75266,DALLAS,TX,DALLAS
75270,DALLAS,TX,DALLAS
75275,DALLAS,TX,DALLAS
75277,DALLAS,TX,DALLAS
75283,DALLAS,TX,DALLAS
75287,DALLAS,TX,COLLIN
75301,DALLAS,TX,DALLAS
75312,DALLAS,TX,DALLAS
75313,DALLAS,TX,DALLAS
75315,DALLAS,TX,DALLAS
75320,DALLAS,TX,DALLAS
75326,DALLAS,TX,DALLAS
75336,DALLAS,TX,DALLAS
75339,DALLAS,TX,DALLAS
75342,DALLAS,TX,DALLAS
75354,DALLAS,TX,DALLAS
75355,DALLAS,TX,DALLAS
75356,DALLAS,TX,DALLAS
75357,DALLAS,TX,DALLAS
75359,DALLAS,TX,DALLAS
75360,DALLAS,TX,DALLAS
75367,DALLAS,TX,DALLAS
75370,DALLAS,TX,DALLAS
75371,DALLAS,TX,DALLAS
75372,DALLAS,TX,DALLAS
75374,DALLAS,TX,DALLAS
75376,DALLAS,TX,DALLAS
75378,DALLAS,TX,DALLAS
75379,DALLAS,TX,DALLAS
75380,DALLAS,TX,DALLAS
75381,DALLAS,TX,DALLAS
75382,DALLAS,TX,DALLAS
75390,DALLAS,TX,DALLAS
75397,DALLAS,TX,DALLAS
75401,GREENVILLE,TX,HUNT
75402,GREENVILLE,TX,HUNT
75403,GREENVILLE,TX,HUNT
75404,GREENVILLE,TX,HUNT
75407,PRINCETON,TX,COLLIN
75409,ANNA,TX,COLLIN
75411,ARTHUR CITY,TX,LAMAR
75412,BAGWELL,TX,RED RIVER
75416,BLOSSOM,TX,LAMAR
75417,BOGATA,TX,RED RIVER
75418,BONHAM,TX,FANNIN
75420,BRASHEAR,TX,HOPKINS
75421,BROOKSTON,TX,LAMAR
75423,CELESTE,TX,HUNT
75424,BLUE RIDGE,TX,COLLIN
75426,CLARKSVILLE,TX,RED RIVER
75428,COMMERCE,TX,HUNT
75429,COMMERCE,TX,HUNT
75431,COMO,TX,HOPKINS
75432,COOPER,TX,DELTA
75433,CUMBY,TX,HOPKINS
75434,CUNNINGHAM,TX,LAMAR
75435,DEPORT,TX,LAMAR
75436,DETROIT,TX,RED RIVER
75437,DIKE,TX,HOPKINS
75438,DODD CITY,TX,FANNIN
75439,ECTOR,TX,FANNIN
75440,EMORY,TX,RAINS
75441,ENLOE,TX,DELTA
75442,FARMERSVILLE,TX,COLLIN
75443,GOBER,TX,FANNIN
75446,HONEY GROVE,TX,FANNIN
75447,IVANHOE,TX,FANNIN
75448,KLONDIKE,TX,DELTA
75449,LADONIA,TX,FANNIN
75450,LAKE CREEK,TX,DELTA
75452,LEONARD,TX,FANNIN
75453,LONE OAK,TX,HUNT
75454,MELISSA,TX,COLLIN
75455,MOUNT PLEASANT,TX,TITUS
75456,MOUNT PLEASANT,TX,TITUS
75457,MOUNT VERNON,TX,FRANKLIN
75458,MERIT,TX,HUNT
75460,PARIS,TX,LAMAR
75461,PARIS,TX,LAMAR
75462,PARIS,TX,LAMAR
75468,PATTONVILLE,TX,LAMAR
75469,PECAN GAP,TX,DELTA
75470,PETTY,TX,LAMAR
75471,PICKTON,TX,HOPKINS
75472,POINT,TX,RAINS
75473,POWDERLY,TX,LAMAR
75474,QUINLAN,TX,HUNT
75475,RANDOLPH,TX,FANNIN
75476,RAVENNA,TX,FANNIN
75477,ROXTON,TX,LAMAR
75478,SALTILLO,TX,HOPKINS
75479,SAVOY,TX,FANNIN
75480,SCROGGINS,TX,FRANKLIN
75481,SULPHUR BLUFF,TX,HOPKINS
75482,SULPHUR SPRINGS,TX,HOPKINS
75483,SULPHUR SPRINGS,TX,HOPKINS
75485,WESTMINSTER,TX,COLLIN
75486,SUMNER,TX,LAMAR
75487,TALCO,TX,FRANKLIN
75488,TELEPHONE,TX,FANNIN
75490,TRENTON,TX,FANNIN
75492,WINDOM,TX,FANNIN
75493,WINFIELD,TX,TITUS
75496,WOLFE CITY,TX,HUNT
75550,ANNONA,TX,RED RIVER
75554,AVERY,TX,RED RIVER
75558,COOKVILLE,TX,TITUS
75652,HENDERSON,TX,RUSK
75653,HENDERSON,TX,RUSK
75654,HENDERSON,TX,RUSK
75666,LAIRD HILL,TX,RUSK
75667,LANEVILLE,TX,RUSK
75680,MINDEN,TX,RUSK
75681,MOUNT ENTERPRISE,TX,RUSK
75682,NEW LONDON,TX,RUSK
75684,OVERTON,TX,RUSK
75687,PRICE,TX,RUSK
75689,SELMAN CITY,TX,RUSK
75691,TATUM,TX,RUSK
75750,ARP,TX,SMITH
75751,ATHENS,TX,HENDERSON
75752,ATHENS,TX,HENDERSON
75756,BROWNSBORO,TX,HENDERSON
75757,BULLARD,TX,SMITH
75758,CHANDLER,TX,HENDERSON
75759,CUNEY,TX,CHEROKEE
75760,CUSHING,TX,NACOGDOCHES
75762,FLINT,TX,SMITH
75763,FRANKSTON,TX,ANDERSON
75764,GALLATIN,TX,CHEROKEE
75766,JACKSONVILLE,TX,CHEROKEE
75770,LARUE,TX,HENDERSON
75771,LINDALE,TX,SMITH
75772,MAYDELLE,TX,CHEROKEE
75778,MURCHISON,TX,HENDERSON
75779,NECHES,TX,ANDERSON
75780,NEW SUMMERFIELD,TX,CHEROKEE
75782,POYNOR,TX,HENDERSON
75784,REKLAW,TX,CHEROKEE
75785,RUSK,TX,CHEROKEE
75789,TROUP,TX,SMITH
75790,VAN,TX,VAN ZANDT
75791,WHITEHOUSE,TX,SMITH
75792,WINONA,TX,SMITH
75801,PALESTINE,TX,ANDERSON
75802,PALESTINE,TX,ANDERSON
75803,PALESTINE,TX,ANDERSON
75831,BUFFALO,TX,LEON
75832,CAYUGA,TX,ANDERSON
75833,CENTERVILLE,TX,LEON
75835,CROCKETT,TX,HOUSTON
75838,DONIE,TX,FREESTONE
75839,ELKHART,TX,ANDERSON
75840,FAIRFIELD,TX,FREESTONE
75844,GRAPELAND,TX,HOUSTON
75846,JEWETT,TX,LEON
75847,KENNARD,TX,HOUSTON
75848,KIRVIN,TX,FREESTONE
75849,LATEXO,TX,HOUSTON
75850,LEONA,TX,LEON
75851,LOVELADY,TX,HOUSTON
75853,MONTALBA,TX,ANDERSON
75858,RATCLIFF,TX,HOUSTON
75859,STREETMAN,TX,FREESTONE
75860,TEAGUE,TX,FREESTONE
75861,TENNESSEE COLONY,TX,ANDERSON
75901,LUFKIN,TX,ANGELINA
75902,LUFKIN,TX,ANGELINA
75903,LUFKIN,TX,ANGELINA
75904,LUFKIN,TX,ANGELINA
75915,LUFKIN,TX,ANGELINA
75925,ALTO,TX,CHEROKEE
75929,BROADDUS,TX,SAN AUGUSTINE
75930,BRONSON,TX,SABINE
75937,CHIRENO,TX,NACOGDOCHES
75941,DIBOLL,TX,ANGELINA
75943,DOUGLASS,TX,NACOGDOCHES
75944,ETOILE,TX,NACOGDOCHES
75946,GARRISON,TX,NACOGDOCHES
75949,HUNTINGTON,TX,ANGELINA
75958,MARTINSVILLE,TX,NACOGDOCHES
75959,MILAM,TX,SABINE
75961,NACOGDOCHES,TX,NACOGDOCHES
75962,NACOGDOCHES,TX,NACOGDOCHES
75963,NACOGDOCHES,TX,NACOGDOCHES
75964,NACOGDOCHES,TX,NACOGDOCHES
75965,NACOGDOCHES,TX,NACOGDOCHES
75968,PINELAND,TX,SABINE
75969,POLLOK,TX,ANGELINA
75972,SAN AUGUSTINE,TX,SAN AUGUSTINE
75976,WELLS,TX,CHEROKEE
75978,WODEN,TX,NACOGDOCHES
75980,ZAVALLA,TX,ANGELINA
76001,ARLINGTON,TX,TARRANT
76002,ARLINGTON,TX,TARRANT
76003,ARLINGTON,TX,TARRANT
76004,ARLINGTON,TX,TARRANT
76005,ARLINGTON,TX,TARRANT
76006,ARLINGTON,TX,TARRANT
76007,ARLINGTON,TX,TARRANT
76008,ALEDO,TX,PARKER
76009,ALVARADO,TX,JOHNSON
76010,ARLINGTON,TX,TARRANT
76011,ARLINGTON,TX,TARRANT
76012,ARLINGTON,TX,TARRANT
76013,ARLINGTON,TX,TARRANT
76014,ARLINGTON,TX,TARRANT
76015,ARLINGTON,TX,TARRANT
76016,ARLINGTON,TX,TARRANT
76017,ARLINGTON,TX,TARRANT
76018,ARLINGTON,TX,TARRANT
76019,ARLINGTON,TX,TARRANT
76020,AZLE,TX,TARRANT
76021,BEDFORD,TX,TARRANT
76022,BEDFORD,TX,TARRANT
76023,BOYD,TX,WISE
76031,CLEBURNE,TX,JOHNSON
76033,CLEBURNE,TX,JOHNSON
76034,COLLEYVILLE,TX,TARRANT
76035,CRESSON,TX,HOOD
76036,CROWLEY,TX,TARRANT
76039,EULESS,TX,TARRANT
76040,EULESS,TX,TARRANT
76041,FORRESTON,TX,ELLIS
76043,GLEN ROSE,TX,SOMERVELL
76044,GODLEY,TX,JOHNSON
76048,GRANBURY,TX,HOOD
76049,GRANBURY,TX,HOOD
76050,GRANDVIEW,TX,JOHNSON
76051,GRAPEVINE,TX,TARRANT
76052,HASLET,TX,TARRANT
76053,HURST,TX,TARRANT
76054,HURST,TX,TARRANT
76055,ITASCA,TX,HILL
76058,JOSHUA,TX,JOHNSON
76059,KEENE,TX,JOHNSON
76060,KENNEDALE,TX,TARRANT
76061,LILLIAN,TX,JOHNSON
76063,MANSFIELD,TX,TARRANT
76064,MAYPEARL,TX,ELLIS
76065,MIDLOTHIAN,TX,ELLIS
76066,MILLSAP,TX,PARKER
76067,MINERAL WELLS,TX,PALO PINTO
76068,MINERAL WELLS,TX,PALO PINTO
76070,NEMO,TX,SOMERVELL
76071,NEWARK,TX,WISE
76073,PARADISE,TX,WISE
76077,RAINBOW,TX,SOMERVELL
76078,RHOME,TX,WISE
76082,SPRINGTOWN,TX,PARKER
76084,VENUS,TX,JOHNSON
76085,WEATHERFORD,TX,PARKER
76086,WEATHERFORD,TX,PARKER
76087,WEATHERFORD,TX,PARKER
76088,WEATHERFORD,TX,PARKER
76092,SOUTHLAKE,TX,TARRANT
76093,RIO VISTA,TX,JOHNSON
76094,ARLINGTON,TX,TARRANT
76095,BEDFORD,TX,TARRANT
76096,ARLINGTON,TX,TARRANT
76098,AZLE,TX,PARKER
76099,GRAPEVINE,TX,TARRANT
76101,FORT WORTH,TX,TARRANT
76102,FORT WORTH,TX,TARRANT
76103,FORT WORTH,TX,TARRANT
76104,FORT WORTH,TX,TARRANT
76105,FORT WORTH,TX,TARRANT
76106,FORT WORTH,TX,TARRANT
76107,FORT WORTH,TX,TARRANT
76108,FORT WORTH,TX,TARRANT
76109,FORT WORTH,TX,TARRANT
76110,FORT WORTH,TX,TARRANT
76111,FORT WORTH,TX,TARRANT
76112,FORT WORTH,TX,TARRANT
76113,FORT WORTH,TX,TARRANT
76114,FORT WORTH,TX,TARRANT
76115,FORT WORTH,TX,TARRANT
76116,FORT WORTH,TX,TARRANT
76117,HALTOM CITY,TX,TARRANT
76118,FORT WORTH,TX,TARRANT
76119,FORT WORTH,TX,TARRANT
76120,FORT WORTH,TX,TARRANT
76121,FORT WORTH,TX,TARRANT
76122,FORT WORTH,TX,TARRANT
76123,FORT WORTH,TX,TARRANT
76124,FORT WORTH,TX,TARRANT
76126,FORT WORTH,TX,TARRANT
76127,NAVAL AIR STATION JRB,TX,TARRANT
76129,FORT WORTH,TX,TARRANT
76131,FORT WORTH,TX,TARRANT
76132,FORT WORTH,TX,TARRANT
76133,FORT WORTH,TX,TARRANT
76134,FORT WORTH,TX,TARRANT
76135,FORT WORTH,TX,TARRANT
76136,FORT WORTH,TX,TARRANT
76137,FORT WORTH,TX,TARRANT
76140,FORT WORTH,TX,TARRANT
76147,FORT WORTH,TX,TARRANT
76148,FORT WORTH,TX,TARRANT
76155,FORT WORTH,TX,TARRANT
76161,FORT WORTH,TX,TARRANT
76162,FORT WORTH,TX,TARRANT
76163,FORT WORTH,TX,TARRANT
76164,FORT WORTH,TX,TARRANT
76166,FORT WORTH,TX,TARRANT
76177,FORT WORTH,TX,TARRANT
76179,FORT WORTH,TX,TARRANT
76180,NORTH RICHLAND HILLS,TX,TARRANT
76181,FORT WORTH,TX,TARRANT
76182,NORTH RICHLAND HILLS,TX,TARRANT
76185,FORT WORTH,TX,TARRANT
76192,FORT WORTH,TX,TARRANT
76196,FORT WORTH,TX,TARRANT
76199,FORT WORTH,TX,TARRANT
76201,DENTON,TX,DENTON
76202,DENTON,TX,DENTON
76203,DENTON,TX,DENTON
76204,DENTON,TX,DENTON
76205,DENTON,TX,DENTON
76206,DENTON,TX,DENTON
76207,DENTON,TX,DENTON
76208,DENTON,TX,DENTON
76209,DENTON,TX,DENTON
76210,DENTON,TX,DENTON
76225,ALVORD,TX,WISE
76226,ARGYLE,TX,DENTON
76227,AUBREY,TX,DENTON
76228,BELLEVUE,TX,CLAY
76234,DECATUR,TX,WISE
76238,ERA,TX,COOKE
76239,FORESTBURG,TX,MONTAGUE
76244,KELLER,TX,TARRANT
76247,JUSTIN,TX,DENTON
76248,KELLER,TX,TARRANT
76249,KRUM,TX,DENTON
76250,LINDSAY,TX,COOKE
76251,MONTAGUE,TX,MONTAGUE
76252,MUENSTER,TX,COOKE
76253,MYRA,TX,COOKE
76255,NOCONA,TX,MONTAGUE
76258,PILOT POINT,TX,DENTON
76259,PONDER,TX,DENTON
76261,RINGGOLD,TX,MONTAGUE
76262,ROANOKE,TX,DENTON
76263,ROSSTON,TX,COOKE
76265,SAINT JO,TX,MONTAGUE
76266,SANGER,TX,DENTON
76267,SLIDELL,TX,WISE
76270,SUNSET,TX,MONTAGUE
76272,VALLEY VIEW,TX,COOKE
76301,WICHITA FALLS,TX,WICHITA
76302,WICHITA FALLS,TX,WICHITA
76305,WICHITA FALLS,TX,WICHITA
76306,WICHITA FALLS,TX,WICHITA
76307,WICHITA FALLS,TX,WICHITA
76308,WICHITA FALLS,TX,WICHITA
76309,WICHITA FALLS,TX,WICHITA
76310,WICHITA FALLS,TX,WICHITA
76311,SHEPPARD AFB,TX,WICHITA
76351,ARCHER CITY,TX,ARCHER
76354,BURKBURNETT,TX,WICHITA
76357,BYERS,TX,CLAY
76360,ELECTRA,TX,WICHITA
76363,GOREE,TX,KNOX
76364,HARROLD,TX,WILBARGER
76365,HENRIETTA,TX,CLAY
76366,HOLLIDAY,TX,ARCHER
76367,IOWA PARK,TX,WICHITA
76369,KAMAY,TX,WICHITA
76370,MEGARGEL,TX,ARCHER
76371,MUNDAY,TX,KNOX
76372,NEWCASTLE,TX,YOUNG
76373,OKLAUNION,TX,WILBARGER
76374,OLNEY,TX,YOUNG
76377,PETROLIA,TX,CLAY
76379,SCOTLAND,TX,ARCHER
76380,SEYMOUR,TX,BAYLOR
76384,VERNON,TX,WILBARGER
76385,VERNON,TX,WILBARGER
76388,WEINERT,TX,HASKELL
76389,WINDTHORST,TX,ARCHER
76401,STEPHENVILLE,TX,ERATH
76402,STEPHENVILLE,TX,ERATH
76424,BRECKENRIDGE,TX,STEPHENS
76426,BRIDGEPORT,TX,WISE
76427,BRYSON,TX,JACK
76429,CADDO,TX,STEPHENS
76430,ALBANY,TX,SHACKELFORD
76431,CHICO,TX,WISE
76432,BLANKET,TX,BROWN
76433,BLUFF DALE,TX,ERATH
76435,CARBON,TX,EASTLAND
76436,CARLTON,TX,HAMILTON
76437,CISCO,TX,EASTLAND
76439,DENNIS,TX,PARKER
76442,COMANCHE,TX,COMANCHE
76443,CROSS PLAINS,TX,CALLAHAN
76444,DE LEON,TX,COMANCHE
76445,DESDEMONA,TX,EASTLAND
76446,DUBLIN,TX,ERATH
76448,EASTLAND,TX,EASTLAND
76449,GRAFORD,TX,PALO PINTO
76450,GRAHAM,TX,YOUNG
76452,ENERGY,TX,COMANCHE
76453,GORDON,TX,PALO PINTO
76454,GORMAN,TX,EASTLAND
76455,GUSTINE,TX,COMANCHE
76457,HICO,TX,HAMILTON
76458,JACKSBORO,TX,JACK
76459,JERMYN,TX,JACK
76460,LOVING,TX,YOUNG
76461,LINGLEVILLE,TX,ERATH
76462,LIPAN,TX,HOOD
76463,MINGUS,TX,PALO PINTO
76464,MORAN,TX,SHACKELFORD
76465,MORGAN MILL,TX,ERATH
76466,OLDEN,TX,EASTLAND
76468,PROCTOR,TX,COMANCHE
76469,PUTNAM,TX,CALLAHAN
76470,RANGER,TX,EASTLAND
76471,RISING STAR,TX,EASTLAND
76472,SANTO,TX,PALO PINTO
76474,SIDNEY,TX,COMANCHE
76475,STRAWN,TX,PALO PINTO
76476,TOLAR,TX,HOOD
76481,SOUTH BEND,TX,YOUNG
76483,THROCKMORTON,TX,THROCKMORTON
76484,PALO PINTO,TX,PALO PINTO
76485,PEASTER,TX,PARKER
76486,PERRIN,TX,JACK
76487,POOLVILLE,TX,PARKER
76501,TEMPLE,TX,BELL
76502,TEMPLE,TX,BELL
76503,TEMPLE,TX,BELL
76504,TEMPLE,TX,BELL
76505,TEMPLE,TX,BELL
76508,TEMPLE,TX,BELL
76511,BARTLETT,TX,BELL
76513,BELTON,TX,BELL
76518,BUCKHOLTS,TX,MILAM
76519,BURLINGTON,TX,MILAM
76520,CAMERON,TX,MILAM
76522,COPPERAS COVE,TX,CORYELL
76523,DAVILLA,TX,MILAM
76524,EDDY,TX,MCLENNAN
76525,EVANT,TX,CORYELL
76526,FLAT,TX,CORYELL
76527,FLORENCE,TX,WILLIAMSON
76528,GATESVILLE,TX,CORYELL
76530,GRANGER,TX,WILLIAMSON
76531,HAMILTON,TX,HAMILTON
76533,HEIDENHEIMER,TX,BELL
76534,HOLLAND,TX,BELL
76537,JARRELL,TX,WILLIAMSON
76538,JONESBORO,TX,CORYELL
76539,KEMPNER,TX,LAMPASAS
76540,KILLEEN,TX,BELL
76541,KILLEEN,TX,BELL
76542,KILLEEN,TX,BELL
76543,KILLEEN,TX,BELL
76544,FORT HOOD,TX,BELL
76547,KILLEEN,TX,BELL
76548,HARKER HEIGHTS,TX,BELL
76549,KILLEEN,TX,BELL
76550,LAMPASAS,TX,LAMPASAS
76554,LITTLE RIVER ACADEMY,TX,BELL
76556,MILANO,TX,MILAM
76557,MOODY,TX,MCLENNAN
76558,MOUND,TX,CORYELL
76559,NOLANVILLE,TX,BELL
76561,OGLESBY,TX,CORYELL
76564,PENDLETON,TX,BELL
76566,PURMELA,TX,CORYELL
76567,ROCKDALE,TX,MILAM
76569,ROGERS,TX,BELL
76570,ROSEBUD,TX,FALLS
76571,SALADO,TX,BELL
76573,SCHWERTNER,TX,WILLIAMSON
76574,TAYLOR,TX,WILLIAMSON
76577,THORNDALE,TX,MILAM
76578,THRALL,TX,WILLIAMSON
76579,TROY,TX,BELL
76599,GATESVILLE,TX,CORYELL
76621,ABBOTT,TX,HILL
76622,AQUILLA,TX,HILL
76623,AVALON,TX,ELLIS
76624,AXTELL,TX,MCLENNAN
76626,BLOOMING GROVE,TX,NAVARRO
76627,BLUM,TX,HILL
76628,BRANDON,TX,HILL
76630,BRUCEVILLE,TX,MCLENNAN
76631,BYNUM,TX,HILL
76632,CHILTON,TX,FALLS
76633,CHINA SPRING,TX,MCLENNAN
76634,CLIFTON,TX,BOSQUE
76635,COOLIDGE,TX,LIMESTONE
76636,COVINGTON,TX,HILL
76637,CRANFILLS GAP,TX,BOSQUE
76638,CRAWFORD,TX,MCLENNAN
76639,DAWSON,TX,NAVARRO
76640,ELM MOTT,TX,MCLENNAN
76641,FROST,TX,NAVARRO
76642,GROESBECK,TX,LIMESTONE
76643,HEWITT,TX,MCLENNAN
76644,LAGUNA PARK,TX,BOSQUE
76645,HILLSBORO,TX,HILL
76648,HUBBARD,TX,HILL
76649,IREDELL,TX,BOSQUE
76650,IRENE,TX,HILL
76651,ITALY,TX,ELLIS
76652,KOPPERL,TX,BOSQUE
76653,KOSSE,TX,LIMESTONE
76654,LEROY,TX,MCLENNAN
76655,LORENA,TX,MCLENNAN
76656,LOTT,TX,FALLS
76657,MC GREGOR,TX,MCLENNAN
76660,MALONE,TX,HILL
76661,MARLIN,TX,FALLS
76664,MART,TX,MCLENNAN
76665,MERIDIAN,TX,BOSQUE
76666,MERTENS,TX,HILL
76667,MEXIA,TX,LIMESTONE
76670,MILFORD,TX,ELLIS
76671,MORGAN,TX,BOSQUE
76673,MOUNT CALM,TX,HILL
76676,PENELOPE,TX,HILL
76678,PRAIRIE HILL,TX,LIMESTONE
76679,PURDON,TX,NAVARRO
76680,REAGAN,TX,FALLS
76681,RICHLAND,TX,NAVARRO
76682,RIESEL,TX,MCLENNAN
76684,ROSS,TX,MCLENNAN
76685,SATIN,TX,FALLS
76686,TEHUACANA,TX,LIMESTONE
76687,THORNTON,TX,LIMESTONE
76689,VALLEY MILLS,TX,BOSQUE
76690,WALNUT SPRINGS,TX,BOSQUE
76691,WEST,TX,MCLENNAN
76692,WHITNEY,TX,HILL
76693,WORTHAM,TX,FREESTONE
76701,WACO,TX,MCLENNAN
76702,WACO,TX,MCLENNAN
76703,WACO,TX,MCLENNAN
76704,WACO,TX,MCLENNAN
76705,WACO,TX,MCLENNAN
76706,WACO,TX,MCLENNAN
76707,WACO,TX,MCLENNAN
76708,WACO,TX,MCLENNAN
76710,WACO,TX,MCLENNAN
76711,WACO,TX,MCLENNAN
76714,WACO,TX,MCLENNAN
76715,WACO,TX,MCLENNAN
76716,WACO,TX,MCLENNAN
76798,WACO,TX,MCLENNAN
76799,WACO,TX,MCLENNAN
76802,EARLY,TX,BROWN
76803,EARLY,TX,BROWN
76821,BALLINGER,TX,RUNNELS
76823,BANGS,TX,BROWN
76824,BEND,TX,SAN SABA
76825,BRADY,TX,MCCULLOCH
76827,BROOKESMITH,TX,BROWN
76831,CASTELL,TX,LLANO
76832,CHEROKEE,TX,SAN SABA
76834,COLEMAN,TX,COLEMAN
76837,EDEN,TX,CONCHO
76842,FREDONIA,TX,MASON
76844,GOLDTHWAITE,TX,MILLS
76845,GOULDBUSK,TX,COLEMAN
76849,JUNCTION,TX,KIMBLE
76852,LOHN,TX,MCCULLOCH
76853,LOMETA,TX,LAMPASAS
76854,LONDON,TX,KIMBLE
76855,LOWAKE,TX,CONCHO
76856,MASON,TX,MASON
76857,MAY,TX,BROWN
76858,MELVIN,TX,MCCULLOCH
76859,MENARD,TX,MENARD
76861,MILES,TX,RUNNELS
76862,MILLERSVIEW,TX,CONCHO
76864,MULLIN,TX,MILLS
76865,NORTON,TX,RUNNELS
76866,PAINT ROCK,TX,CONCHO
76869,PONTOTOC,TX,MASON
76870,PRIDDY,TX,MILLS
76871,RICHLAND SPRINGS,TX,SAN SABA
76872,ROCHELLE,TX,MCCULLOCH
76875,ROWENA,TX,RUNNELS
76877,SAN SABA,TX,SAN SABA
76878,SANTA ANNA,TX,COLEMAN
76880,STAR,TX,MILLS
76882,TALPA,TX,COLEMAN
76884,VALERA,TX,COLEMAN
76886,VERIBEST,TX,TOM GREEN
76887,VOCA,TX,MCCULLOCH
76888,VOSS,TX,COLEMAN
76890,ZEPHYR,TX,BROWN
76901,SAN ANGELO,TX,TOM GREEN
76902,SAN ANGELO,TX,TOM GREEN
76903,SAN ANGELO,TX,TOM GREEN
76904,SAN ANGELO,TX,TOM GREEN
76905,SAN ANGELO,TX,TOM GREEN
76906,SAN ANGELO,TX,TOM GREEN
76908,GOODFELLOW AFB,TX,TOM GREEN
76909,SAN ANGELO,TX,TOM GREEN
76930,BARNHART,TX,IRION
76932,BIG LAKE,TX,REAGAN
76933,BRONTE,TX,COKE
76934,CARLSBAD,TX,TOM GREEN
76935,CHRISTOVAL,TX,TOM GREEN
76936,ELDORADO,TX,SCHLEICHER
76937,EOLA,TX,CONCHO
76940,MERETA,TX,TOM GREEN
76941,MERTZON,TX,IRION
76943,OZONA,TX,CROCKETT
76945,ROBERT LEE,TX,COKE
76949,SILVER,TX,COKE
76950,SONORA,TX,SUTTON
76951,STERLING CITY,TX,STERLING
76953,TENNYSON,TX,COKE
76955,VANCOURT,TX,TOM GREEN
76957,WALL,TX,TOM GREEN
76958,WATER VALLEY,TX,TOM GREEN
77001,HOUSTON,TX,HARRIS
77002,HOUSTON,TX,HARRIS
77003,HOUSTON,TX,HARRIS
77004,HOUSTON,TX,HARRIS
77005,HOUSTON,TX,HARRIS
77006,HOUSTON,TX,HARRIS
77007,HOUSTON,TX,HARRIS
77008,HOUSTON,TX,HARRIS
77009,HOUSTON,TX,HARRIS
77010,HOUSTON,TX,HARRIS
77011,HOUSTON,TX,HARRIS
77012,HOUSTON,TX,HARRIS
77013,HOUSTON,TX,HARRIS
77014,HOUSTON,TX,HARRIS
77015,HOUSTON,TX,HARRIS
77016,HOUSTON,TX,HARRIS
77017,HOUSTON,TX,HARRIS
77018,HOUSTON,TX,HARRIS
77019,HOUSTON,TX,HARRIS
77020,HOUSTON,TX,HARRIS
77021,HOUSTON,TX,HARRIS
77022,HOUSTON,TX,HARRIS
77023,HOUSTON,TX,HARRIS
77024,HOUSTON,TX,HARRIS
77025,HOUSTON,TX,HARRIS
77026,HOUSTON,TX,HARRIS
77027,HOUSTON,TX,HARRIS
77028,HOUSTON,TX,HARRIS
77029,HOUSTON,TX,HARRIS
77030,HOUSTON,TX,HARRIS
77031,HOUSTON,TX,HARRIS
77032,HOUSTON,TX,HARRIS
77033,HOUSTON,TX,HARRIS
77034,HOUSTON,TX,HARRIS
77035,HOUSTON,TX,HARRIS
77036,HOUSTON,TX,HARRIS
77037,HOUSTON,TX,HARRIS
77038,HOUSTON,TX,HARRIS
77039,HOUSTON,TX,HARRIS
77040,HOUSTON,TX,HARRIS
77041,HOUSTON,TX,HARRIS
77042,HOUSTON,TX,HARRIS
77043,HOUSTON,TX,HARRIS
77044,HOUSTON,TX,HARRIS
77045,HOUSTON,TX,HARRIS
77046,HOUSTON,TX,HARRIS
77047,HOUSTON,TX,HARRIS
77048,HOUSTON,TX,HARRIS
77049,HOUSTON,TX,HARRIS
77050,HOUSTON,TX,HARRIS
77051,HOUSTON,TX,HARRIS
77052,HOUSTON,TX,HARRIS
77053,HOUSTON,TX,FORT BEND
77054,HOUSTON,TX,HARRIS
77055,HOUSTON,TX,HARRIS
77056,HOUSTON,TX,HARRIS
77057,HOUSTON,TX,HARRIS
77058,HOUSTON,TX,HARRIS
77059,HOUSTON,TX,HARRIS
77060,HOUSTON,TX,HARRIS
77061,HOUSTON,TX,HARRIS
77062,HOUSTON,TX,HARRIS
77063,HOUSTON,TX,HARRIS
77064,HOUSTON,TX,HARRIS
77065,HOUSTON,TX,HARRIS
77066,HOUSTON,TX,HARRIS
77067,HOUSTON,TX,HARRIS
77068,HOUSTON,TX,HARRIS
77069,HOUSTON,TX,HARRIS
77070,HOUSTON,TX,HARRIS
77071,HOUSTON,TX,HARRIS
77072,HOUSTON,TX,HARRIS
77073,HOUSTON,TX,HARRIS
77074,HOUSTON,TX,HARRIS
77075,HOUSTON,TX,HARRIS
77076,HOUSTON,TX,HARRIS
77077,HOUSTON,TX,HARRIS
77078,HOUSTON,TX,HARRIS
77079,HOUSTON,TX,HARRIS
77080,HOUSTON,TX,HARRIS
77081,HOUSTON,TX,HARRIS
77082,HOUSTON,TX,HARRIS
77083,HOUSTON,TX,HARRIS
77084,HOUSTON,TX,HARRIS
77085,HOUSTON,TX,HARRIS
77086,HOUSTON,TX,HARRIS
77087,HOUSTON,TX,HARRIS
77088,HOUSTON,TX,HARRIS
77089,HOUSTON,TX,HARRIS
77090,HOUSTON,TX,HARRIS
77091,HOUSTON,TX,HARRIS
77092,HOUSTON,TX,HARRIS
77093,HOUSTON,TX,HARRIS
77094,HOUSTON,TX,HARRIS
77095,HOUSTON,TX,HARRIS
77096,HOUSTON,TX,HARRIS
77098,HOUSTON,TX,HARRIS
77099,HOUSTON,TX,HARRIS
77201,HOUSTON,TX,HARRIS
77203,HOUSTON,TX,HARRIS
77204,HOUSTON,TX,HARRIS
77205,HOUSTON,TX,HARRIS
77206,HOUSTON,TX,HARRIS
77207,HOUSTON,TX,HARRIS
77208,HOUSTON,TX,HARRIS
77210,HOUSTON,TX,HARRIS
77212,HOUSTON,TX,HARRIS
77213,HOUSTON,TX,HARRIS
77215,HOUSTON,TX,HARRIS
77217,HOUSTON,TX,HARRIS
77218,HOUSTON,TX,HARRIS
77219,HOUSTON,TX,HARRIS
77220,HOUSTON,TX,HARRIS
77221,HOUSTON,TX,HARRIS
77222,HOUSTON,TX,HARRIS
77223,HOUSTON,TX,HARRIS
77224,HOUSTON,TX,HARRIS
77225,HOUSTON,TX,HARRIS
77226,HOUSTON,TX,HARRIS
77227,HOUSTON,TX,HARRIS
77228,HOUSTON,TX,HARRIS
77229,HOUSTON,TX,HARRIS
77230,HOUSTON,TX,HARRIS
77231,HOUSTON,TX,HARRIS
77233,HOUSTON,TX,HARRIS
77234,HOUSTON,TX,HARRIS
77235,HOUSTON,TX,HARRIS
77236,HOUSTON,TX,HARRIS
77237,HOUSTON,TX,HARRIS
77238,HOUSTON,TX,HARRIS
77240,HOUSTON,TX,HARRIS
77241,HOUSTON,TX,HARRIS
77242,HOUSTON,TX,HARRIS
77243,HOUSTON,TX,HARRIS
77244,HOUSTON,TX,HARRIS
77245,HOUSTON,TX,HARRIS
77248,HOUSTON,TX,HARRIS
77249,HOUSTON,TX,HARRIS
77251,HOUSTON,TX,HARRIS
77252,HOUSTON,TX,HARRIS
77253,HOUSTON,TX,HARRIS
77254,HOUSTON,TX,HARRIS
77255,HOUSTON,TX,HARRIS
77256,HOUSTON,TX,HARRIS
77257,HOUSTON,TX,HARRIS
77258,HOUSTON,TX,HARRIS
77259,HOUSTON,TX,HARRIS
77261,HOUSTON,TX,HARRIS
77262,HOUSTON,TX,HARRIS
77263,HOUSTON,TX,HARRIS
77265,HOUSTON,TX,HARRIS
77266,HOUSTON,TX,HARRIS
77267,HOUSTON,TX,HARRIS
77268,HOUSTON,TX,HARRIS
77269,HOUSTON,TX,HARRIS
77270,HOUSTON,TX,HARRIS
77271,HOUSTON,TX,HARRIS
77272,HOUSTON,TX,HARRIS
77273,HOUSTON,TX,HARRIS
77274,HOUSTON,TX,HARRIS
77275,HOUSTON,TX,HARRIS
77277,HOUSTON,TX,HARRIS
77279,HOUSTON,TX,HARRIS
77280,HOUSTON,TX,HARRIS
77282,HOUSTON,TX,HARRIS
77284,HOUSTON,TX,HARRIS
77287,HOUSTON,TX,HARRIS
77288,HOUSTON,TX,HARRIS
77289,HOUSTON,TX,HARRIS
77290,HOUSTON,TX,HARRIS
77291,HOUSTON,TX,HARRIS
77292,HOUSTON,TX,HARRIS
77293,HOUSTON,TX,HARRIS
77336,HUFFMAN,TX,HARRIS
77337,HUFSMITH,TX,HARRIS
77338,HUMBLE,TX,HARRIS
77346,HUMBLE,TX,HARRIS
77347,HUMBLE,TX,HARRIS
77373,SPRING,TX,HARRIS
77375,TOMBALL,TX,HARRIS
77377,TOMBALL,TX,HARRIS
77379,SPRING,TX,HARRIS
77383,SPRING,TX,HARRIS
77388,SPRING,TX,HARRIS
77389,SPRING,TX,HARRIS
77391,SPRING,TX,HARRIS
77396,HUMBLE,TX,HARRIS
77401,BELLAIRE,TX,HARRIS
77402,BELLAIRE,TX,HARRIS
77404,BAY CITY,TX,MATAGORDA
77406,RICHMOND,TX,FORT BEND
77407,RICHMOND,TX,FORT BEND
77410,CYPRESS,TX,HARRIS
77411,ALIEF,TX,HARRIS
77412,ALTAIR,TX,COLORADO
77413,BARKER,TX,HARRIS
77414,BAY CITY,TX,MATAGORDA
77415,CEDAR LANE,TX,MATAGORDA
77417,BEASLEY,TX,FORT BEND
77418,BELLVILLE,TX,AUSTIN
77419,BLESSING,TX,MATAGORDA
77420,BOLING,TX,WHARTON
77422,BRAZORIA,TX,BRAZORIA
77423,BROOKSHIRE,TX,WALLER
77426,CHAPPELL HILL,TX,WASHINGTON
77429,CYPRESS,TX,HARRIS
77430,DAMON,TX,BRAZORIA
77431,DANCIGER,TX,BRAZORIA
77432,DANEVANG,TX,WHARTON
77433,CYPRESS,TX,HARRIS
77434,EAGLE LAKE,TX,COLORADO
77435,EAST BERNARD,TX,WHARTON
77436,EGYPT,TX,WHARTON
77440,ELMATON,TX,MATAGORDA
77441,FULSHEAR,TX,FORT BEND
77443,GLEN FLORA,TX,WHARTON
77444,GUY,TX,FORT BEND
77445,HEMPSTEAD,TX,WALLER
77446,PRAIRIE VIEW,TX,WALLER
77448,HUNGERFORD,TX,WHARTON
77449,KATY,TX,HARRIS
77450,KATY,TX,HARRIS
77451,KENDLETON,TX,FORT BEND
77452,KENNEY,TX,AUSTIN
77453,LANE CITY,TX,WHARTON
77454,LISSIE,TX,WHARTON
77455,LOUISE,TX,WHARTON
77456,MARKHAM,TX,MATAGORDA
77457,MATAGORDA,TX,MATAGORDA
77458,MIDFIELD,TX,MATAGORDA
77459,MISSOURI CITY,TX,FORT BEND
77460,NADA,TX,COLORADO
77461,NEEDVILLE,TX,FORT BEND
77463,OLD OCEAN,TX,BRAZORIA
77464,ORCHARD,TX,FORT BEND
77465,PALACIOS,TX,MATAGORDA
77466,PATTISON,TX,WALLER
77467,PIERCE,TX,WHARTON
77468,PLEDGER,TX,MATAGORDA
77469,RICHMOND,TX,FORT BEND
77470,ROCK ISLAND,TX,COLORADO
77471,ROSENBERG,TX,FORT BEND
77473,SAN FELIPE,TX,AUSTIN
77474,SEALY,TX,AUSTIN
77475,SHERIDAN,TX,COLORADO
77476,SIMONTON,TX,FORT BEND
77477,STAFFORD,TX,FORT BEND
77478,SUGAR LAND,TX,FORT BEND
77479,SUGAR LAND,TX,FORT BEND
77480,SWEENY,TX,BRAZORIA
77481,THOMPSONS,TX,FORT BEND
77482,VAN VLECK,TX,MATAGORDA
77483,WADSWORTH,TX,MATAGORDA
77484,WALLER,TX,HARRIS
77485,WALLIS,TX,AUSTIN
77486,WEST COLUMBIA,TX,BRAZORIA
77487,SUGAR LAND,TX,FORT BEND
77488,WHARTON,TX,WHARTON
77489,MISSOURI CITY,TX,FORT BEND
77491,KATY,TX,HARRIS
77492,KATY,TX,HARRIS
77493,KATY,TX,HARRIS
77494,KATY,TX,FORT BEND
77496,SUGAR LAND,TX,FORT BEND
77497,STAFFORD,TX,FORT BEND
77498,SUGAR LAND,TX,FORT BEND
77501,PASADENA,TX,HARRIS
77502,PASADENA,TX,HARRIS
77503,PASADENA,TX,HARRIS
77504,PASADENA,TX,HARRIS
77505,PASADENA,TX,HARRIS
77506,PASADENA,TX,HARRIS
77507,PASADENA,TX,HARRIS
77508,PASADENA,TX,HARRIS
77510,SANTA FE,TX,GALVESTON
77511,ALVIN,TX,BRAZORIA
77512,ALVIN,TX,BRAZORIA
77514,ANAHUAC,TX,CHAMBERS
77515,ANGLETON,TX,BRAZORIA
77516,ANGLETON,TX,BRAZORIA
77517,SANTA FE,TX,GALVESTON
77518,BACLIFF,TX,GALVESTON
77520,BAYTOWN,TX,HARRIS
77521,BAYTOWN,TX,HARRIS
77522,BAYTOWN,TX,HARRIS
77523,BAYTOWN,TX,CHAMBERS
77530,CHANNELVIEW,TX,HARRIS
77531,CLUTE,TX,BRAZORIA
77532,CROSBY,TX,HARRIS
77534,DANBURY,TX,BRAZORIA
77536,DEER PARK,TX,HARRIS
77539,DICKINSON,TX,GALVESTON
77541,FREEPORT,TX,BRAZORIA
77542,FREEPORT,TX,BRAZORIA
77545,FRESNO,TX,FORT BEND
77547,GALENA PARK,TX,HARRIS
77550,GALVESTON,TX,GALVESTON
77551,GALVESTON,TX,GALVESTON
77552,GALVESTON,TX,GALVESTON
77553,GALVESTON,TX,GALVESTON
77554,GALVESTON,TX,GALVESTON
77555,GALVESTON,TX,GALVESTON
77560,HANKAMER,TX,CHAMBERS
77562,HIGHLANDS,TX,HARRIS
77563,HITCHCOCK,TX,GALVESTON
77565,KEMAH,TX,GALVESTON
77566,LAKE JACKSON,TX,BRAZORIA
77568,LA MARQUE,TX,GALVESTON
77571,LA PORTE,TX,HARRIS
77572,LA PORTE,TX,HARRIS
77573,LEAGUE CITY,TX,GALVESTON
77574,LEAGUE CITY,TX,GALVESTON
77577,LIVERPOOL,TX,BRAZORIA
77578,MANVEL,TX,BRAZORIA
77580,MONT BELVIEU,TX,CHAMBERS
77581,PEARLAND,TX,BRAZORIA
77583,ROSHARON,TX,BRAZORIA
77584,PEARLAND,TX,BRAZORIA
77586,SEABROOK,TX,HARRIS
77587,SOUTH HOUSTON,TX,HARRIS
77588,PEARLAND,TX,BRAZORIA
77590,TEXAS CITY,TX,GALVESTON
77591,TEXAS CITY,TX,GALVESTON
77592,TEXAS CITY,TX,GALVESTON
77597,WALLISVILLE,TX,CHAMBERS
77598,WEBSTER,TX,HARRIS
77617,GILCHRIST,TX,GALVESTON
77623,HIGH ISLAND,TX,GALVESTON
77650,PORT BOLIVAR,TX,GALVESTON
77661,STOWELL,TX,CHAMBERS
77665,WINNIE,TX,CHAMBERS
77833,BRENHAM,TX,WASHINGTON
77834,BRENHAM,TX,WASHINGTON
77835,BURTON,TX,WASHINGTON
77850,CONCORD,TX,LEON
77853,DIME BOX,TX,LEE
77857,GAUSE,TX,MILAM
77865,MARQUEZ,TX,LEON
77871,NORMANGEE,TX,LEON
77880,WASHINGTON,TX,WASHINGTON
77901,VICTORIA,TX,VICTORIA
77902,VICTORIA,TX,VICTORIA
77903,VICTORIA,TX,VICTORIA
77904,VICTORIA,TX,VICTORIA
77905,VICTORIA,TX,VICTORIA
77950,AUSTWELL,TX,REFUGIO
77951,BLOOMINGTON,TX,VICTORIA
77954,CUERO,TX,DE WITT
77957,EDNA,TX,JACKSON
77960,FANNIN,TX,GOLIAD
77961,FRANCITAS,TX,JACKSON
77962,GANADO,TX,JACKSON
77963,GOLIAD,TX,GOLIAD
77964,HALLETTSVILLE,TX,LAVACA
77968,INEZ,TX,VICTORIA
77970,LA WARD,TX,JACKSON
77971,LOLITA,TX,JACKSON
77974,MEYERSVILLE,TX,DE WITT
77975,MOULTON,TX,LAVACA
77976,NURSERY,TX,VICTORIA
77977,PLACEDO,TX,VICTORIA
77978,POINT COMFORT,TX,CALHOUN
77979,PORT LAVACA,TX,CALHOUN
77982,PORT O CONNOR,TX,CALHOUN
77983,SEADRIFT,TX,CALHOUN
77984,SHINER,TX,LAVACA
77986,SUBLIME,TX,LAVACA
77987,SWEET HOME,TX,LAVACA
77988,TELFERNER,TX,VICTORIA
77989,THOMASTON,TX,DE WITT
77990,TIVOLI,TX,REFUGIO
77991,VANDERBILT,TX,JACKSON
77993,WEESATCHE,TX,GOLIAD
77994,WESTHOFF,TX,DE WITT
78001,ARTESIA WELLS,TX,LA SALLE
78002,ATASCOSA,TX,BEXAR
78003,BANDERA,TX,BANDERA
78004,BERGHEIM,TX,KENDALL
78005,BIGFOOT,TX,FRIO
78006,BOERNE,TX,KENDALL
78007,CALLIHAM,TX,MCMULLEN
78010,CENTER POINT,TX,KERR
78011,CHARLOTTE,TX,ATASCOSA
78012,CHRISTINE,TX,ATASCOSA
78013,COMFORT,TX,KENDALL
78014,COTULLA,TX,LA SALLE
78015,BOERNE,TX,KENDALL
78016,DEVINE,TX,MEDINA
78017,DILLEY,TX,FRIO
78019,ENCINAL,TX,LA SALLE
78021,FOWLERTON,TX,LA SALLE
78022,GEORGE WEST,TX,LIVE OAK
78023,HELOTES,TX,BEXAR
78024,HUNT,TX,KERR
78025,INGRAM,TX,KERR
78026,JOURDANTON,TX,ATASCOSA
78027,KENDALIA,TX,KENDALL
78028,KERRVILLE,TX,KERR
78029,KERRVILLE,TX,KERR
78039,LA COSTE,TX,MEDINA
78040,LAREDO,TX,WEBB
78041,LAREDO,TX,WEBB
78042,LAREDO,TX,WEBB
78043,LAREDO,TX,WEBB
78044,LAREDO,TX,WEBB
78045,LAREDO,TX,WEBB
78046,LAREDO,TX,WEBB
78049,LAREDO,TX,WEBB
78050,LEMING,TX,ATASCOSA
78052,LYTLE,TX,ATASCOSA
78054,MACDONA,TX,BEXAR
78055,MEDINA,TX,BANDERA
78056,MICO,TX,MEDINA
78058,MOUNTAIN HOME,TX,KERR
78059,NATALIA,TX,MEDINA
78060,OAKVILLE,TX,LIVE OAK
78061,PEARSALL,TX,FRIO
78062,PEGGY,TX,ATASCOSA
78063,PIPE CREEK,TX,BANDERA
78064,PLEASANTON,TX,ATASCOSA
78065,POTEET,TX,ATASCOSA
78066,RIO MEDINA,TX,MEDINA
78067,SAN YGNACIO,TX,ZAPATA
78069,SOMERSET,TX,BEXAR
78070,SPRING BRANCH,TX,COMAL
78071,THREE RIVERS,TX,LIVE OAK
78072,TILDEN,TX,MCMULLEN
78073,VON ORMY,TX,BEXAR
78074,WARING,TX,KENDALL
78075,WHITSETT,TX,LIVE OAK
78076,ZAPATA,TX,ZAPATA
78101,ADKINS,TX,BEXAR
78102,BEEVILLE,TX,BEE
78104,BEEVILLE,TX,BEE
78107,BERCLAIR,TX,GOLIAD
78108,CIBOLO,TX,GUADALUPE
78109,CONVERSE,TX,BEXAR
78111,ECLETO,TX,KARNES
78112,ELMENDORF,TX,BEXAR
78113,FALLS CITY,TX,KARNES
78114,FLORESVILLE,TX,WILSON
78115,GERONIMO,TX,GUADALUPE
78116,GILLETT,TX,KARNES
78117,HOBSON,TX,KARNES
78118,KARNES CITY,TX,KARNES
78119,KENEDY,TX,KARNES
78121,LA VERNIA,TX,WILSON
78122,LEESVILLE,TX,GONZALES
78123,MC QUEENEY,TX,GUADALUPE
78130,NEW BRAUNFELS,TX,COMAL
78131,NEW BRAUNFELS,TX,COMAL
78132,NEW BRAUNFELS,TX,COMAL
78133,CANYON LAKE,TX,COMAL
78135,NEW BRAUNFELS,TX,COMAL
78140,NIXON,TX,GONZALES
78141,NORDHEIM,TX,DE WITT
78142,NORMANNA,TX,BEE
78143,PANDORA,TX,WILSON
78144,PANNA MARIA,TX,KARNES
78145,PAWNEE,TX,BEE
78146,PETTUS,TX,BEE
78147,POTH,TX,WILSON
78148,UNIVERSAL CITY,TX,BEXAR
78150,JBSA RANDOLPH,TX,BEXAR
78151,RUNGE,TX,KARNES
78152,SAINT HEDWIG,TX,BEXAR
78154,SCHERTZ,TX,GUADALUPE
78155,SEGUIN,TX,GUADALUPE
78156,SEGUIN,TX,GUADALUPE
78159,SMILEY,TX,GONZALES
78160,STOCKDALE,TX,WILSON
78161,SUTHERLAND SPRINGS,TX,WILSON
78162,TULETA,TX,BEE
78163,BULVERDE,TX,COMAL
78164,YORKTOWN,TX,DE WITT
78201,SAN ANTONIO,TX,BEXAR
78202,SAN ANTONIO,TX,BEXAR
78203,SAN ANTONIO,TX,BEXAR
78204,SAN ANTONIO,TX,BEXAR
78205,SAN ANTONIO,TX,BEXAR
78206,SAN ANTONIO,TX,BEXAR
78207,SAN ANTONIO,TX,BEXAR
78208,SAN ANTONIO,TX,BEXAR
78209,SAN ANTONIO,TX,BEXAR
78210,SAN ANTONIO,TX,BEXAR
78211,SAN ANTONIO,TX,BEXAR
78212,SAN ANTONIO,TX,BEXAR
78213,SAN ANTONIO,TX,BEXAR
78214,SAN ANTONIO,TX,BEXAR
78215,SAN ANTONIO,TX,BEXAR
78216,SAN ANTONIO,TX,BEXAR
78217,SAN ANTONIO,TX,BEXAR
78218,SAN ANTONIO,TX,BEXAR
78219,SAN ANTONIO,TX,BEXAR
78220,SAN ANTONIO,TX,BEXAR
78221,SAN ANTONIO,TX,BEXAR
78222,SAN ANTONIO,TX,BEXAR
78223,SAN ANTONIO,TX,BEXAR
78224,SAN ANTONIO,TX,BEXAR
78225,SAN ANTONIO,TX,BEXAR
78226,SAN ANTONIO,TX,BEXAR
78227,SAN ANTONIO,TX,BEXAR
78228,SAN ANTONIO,TX,BEXAR
78229,SAN ANTONIO,TX,BEXAR
78230,SAN ANTONIO,TX,BEXAR
78231,SAN ANTONIO,TX,BEXAR
78232,SAN ANTONIO,TX,BEXAR
78233,SAN ANTONIO,TX,BEXAR
78234,JBSA FT SAM HOUSTON,TX,BEXAR
78235,SAN ANTONIO,TX,BEXAR
78236,JBSA LACKLAND,TX,BEXAR
78237,SAN ANTONIO,TX,BEXAR
78238,SAN ANTONIO,TX,BEXAR
78239,SAN ANTONIO,TX,BEXAR
78240,SAN ANTONIO,TX,BEXAR
78241,SAN ANTONIO,TX,BEXAR
78242,SAN ANTONIO,TX,BEXAR
78243,SAN ANTONIO,TX,BEXAR
78244,SAN ANTONIO,TX,BEXAR
78245,SAN ANTONIO,TX,BEXAR
78246,SAN ANTONIO,TX,BEXAR
78247,SAN ANTONIO,TX,BEXAR
78248,SAN ANTONIO,TX,BEXAR
78249,SAN ANTONIO,TX,BEXAR
78250,SAN ANTONIO,TX,BEXAR
78251,SAN ANTONIO,TX,BEXAR
78252,SAN ANTONIO,TX,BEXAR
78253,SAN ANTONIO,TX,BEXAR
78254,SAN ANTONIO,TX,BEXAR
78255,SAN ANTONIO,TX,BEXAR
78256,SAN ANTONIO,TX,BEXAR
78257,SAN ANTONIO,TX,BEXAR
78258,SAN ANTONIO,TX,BEXAR
78259,SAN ANTONIO,TX,BEXAR
78260,SAN ANTONIO,TX,BEXAR
78261,SAN ANTONIO,TX,BEXAR
78263,SAN ANTONIO,TX,BEXAR
78264,SAN ANTONIO,TX,BEXAR
78265,SAN ANTONIO,TX,BEXAR
78266,SAN ANTONIO,TX,COMAL
78268,SAN ANTONIO,TX,BEXAR
78269,SAN ANTONIO,TX,BEXAR
78270,SAN ANTONIO,TX,BEXAR
78278,SAN ANTONIO,TX,BEXAR
78279,SAN ANTONIO,TX,BEXAR
78280,SAN ANTONIO,TX,BEXAR
78283,SAN ANTONIO,TX,BEXAR
78284,SAN ANTONIO,TX,BEXAR
78288,SAN ANTONIO,TX,BEXAR
78289,SAN ANTONIO,TX,BEXAR
78291,SAN ANTONIO,TX,BEXAR
78294,SAN ANTONIO,TX,BEXAR
78295,SAN ANTONIO,TX,BEXAR
78296,SAN ANTONIO,TX,BEXAR
78297,SAN ANTONIO,TX,BEXAR
78299,SAN ANTONIO,TX,BEXAR
78330,AGUA DULCE,TX,NUECES
78332,ALICE,TX,JIM WELLS
78333,ALICE,TX,JIM WELLS
78335,ARANSAS PASS,TX,SAN PATRICIO
78336,ARANSAS PASS,TX,SAN PATRICIO
78339,BANQUETE,TX,NUECES
78340,BAYSIDE,TX,REFUGIO
78341,BENAVIDES,TX,DUVAL
78342,BEN BOLT,TX,JIM WELLS
78343,BISHOP,TX,NUECES
78344,BRUNI,TX,WEBB
78350,DINERO,TX,LIVE OAK
78351,DRISCOLL,TX,NUECES
78352,EDROY,TX,SAN PATRICIO
78353,ENCINO,TX,BROOKS
78355,FALFURRIAS,TX,BROOKS
78357,FREER,TX,DUVAL
78358,FULTON,TX,ARANSAS
78359,GREGORY,TX,SAN PATRICIO
78361,HEBBRONVILLE,TX,JIM HOGG
78362,INGLESIDE,TX,SAN PATRICIO
78363,KINGSVILLE,TX,KLEBERG
78364,KINGSVILLE,TX,KLEBERG
78368,MATHIS,TX,SAN PATRICIO
78369,MIRANDO CITY,TX,WEBB
78370,ODEM,TX,SAN PATRICIO
78371,OILTON,TX,WEBB
78373,PORT ARANSAS,TX,NUECES
78374,PORTLAND,TX,SAN PATRICIO
78375,PREMONT,TX,JIM WELLS
78376,REALITOS,TX,DUVAL
78377,REFUGIO,TX,REFUGIO
78379,RIVIERA,TX,KLEBERG
78380,ROBSTOWN,TX,NUECES
78381,ROCKPORT,TX,ARANSAS
78382,ROCKPORT,TX,ARANSAS
78383,SANDIA,TX,JIM WELLS
78384,SAN DIEGO,TX,DUVAL
78385,SARITA,TX,KENEDY
78387,SINTON,TX,SAN PATRICIO
78389,SKIDMORE,TX,BEE
78390,TAFT,TX,SAN PATRICIO
78391,TYNAN,TX,BEE
78401,CORPUS CHRISTI,TX,NUECES
78402,CORPUS CHRISTI,TX,NUECES
78403,CORPUS CHRISTI,TX,NUECES
78404,CORPUS CHRISTI,TX,NUECES
78405,CORPUS CHRISTI,TX,NUECES
78406,CORPUS CHRISTI,TX,NUECES
78407,CORPUS CHRISTI,TX,NUECES
78408,CORPUS CHRISTI,TX,NUECES
78409,CORPUS CHRISTI,TX,NUECES
78410,CORPUS CHRISTI,TX,NUECES
78411,CORPUS CHRISTI,TX,NUECES
78412,CORPUS CHRISTI,TX,NUECES
78413,CORPUS CHRISTI,TX,NUECES
78414,CORPUS CHRISTI,TX,NUECES
78415,CORPUS CHRISTI,TX,NUECES
78416,CORPUS CHRISTI,TX,NUECES
78417,CORPUS CHRISTI,TX,NUECES
78418,CORPUS CHRISTI,TX,NUECES
78419,CORPUS CHRISTI,TX,NUECES
78426,CORPUS CHRISTI,TX,NUECES
78427,CORPUS CHRISTI,TX,NUECES
78460,CORPUS CHRISTI,TX,NUECES
78463,CORPUS CHRISTI,TX,NUECES
78465,CORPUS CHRISTI,TX,NUECES
78466,CORPUS CHRISTI,TX,NUECES
78467,CORPUS CHRISTI,TX,NUECES
78468,CORPUS CHRISTI,TX,NUECES
78469,CORPUS CHRISTI,TX,NUECES
78472,CORPUS CHRISTI,TX,NUECES
78480,CORPUS CHRISTI,TX,NUECES
78501,MCALLEN,TX,HIDALGO
78502,MCALLEN,TX,HIDALGO
78503,MCALLEN,TX,HIDALGO
78504,MCALLEN,TX,HIDALGO
78505,MCALLEN,TX,HIDALGO
78516,ALAMO,TX,HIDALGO
78520,BROWNSVILLE,TX,CAMERON
78521,BROWNSVILLE,TX,CAMERON
78522,BROWNSVILLE,TX,CAMERON
78523,BROWNSVILLE,TX,CAMERON
78526,BROWNSVILLE,TX,CAMERON
78535,COMBES,TX,CAMERON
78536,DELMITA,TX,STARR
78537,DONNA,TX,HIDALGO
78538,EDCOUCH,TX,HIDALGO
78539,EDINBURG,TX,HIDALGO
78540,EDINBURG,TX,HIDALGO
78541,EDINBURG,TX,HIDALGO
78542,EDINBURG,TX,HIDALGO
78543,ELSA,TX,HIDALGO
78547,GARCIASVILLE,TX,STARR
78548,GRULLA,TX,STARR
78549,HARGILL,TX,HIDALGO
78550,HARLINGEN,TX,CAMERON
78551,HARLINGEN,TX,CAMERON
78552,HARLINGEN,TX,CAMERON
78553,HARLINGEN,TX,CAMERON
78557,HIDALGO,TX,HIDALGO
78558,LA BLANCA,TX,HIDALGO
78559,LA FERIA,TX,CAMERON
78560,LA JOYA,TX,HIDALGO
78561,LASARA,TX,WILLACY
78562,LA VILLA,TX,HIDALGO
78563,LINN,TX,HIDALGO
78565,LOS EBANOS,TX,HIDALGO
78566,LOS FRESNOS,TX,CAMERON
78567,LOS INDIOS,TX,CAMERON
78568,LOZANO,TX,CAMERON
78569,LYFORD,TX,WILLACY
78570,MERCEDES,TX,HIDALGO
78572,MISSION,TX,HIDALGO
78573,MISSION,TX,HIDALGO
78574,MISSION,TX,HIDALGO
78575,OLMITO,TX,CAMERON
78576,PENITAS,TX,HIDALGO
78577,PHARR,TX,HIDALGO
78578,PORT ISABEL,TX,CAMERON
78579,PROGRESO,TX,HIDALGO
78580,RAYMONDVILLE,TX,WILLACY
78582,RIO GRANDE CITY,TX,STARR
78583,RIO HONDO,TX,CAMERON
78584,ROMA,TX,STARR
78586,SAN BENITO,TX,CAMERON
78588,SAN ISIDRO,TX,STARR
78589,SAN JUAN,TX,HIDALGO
78590,SAN PERLITA,TX,WILLACY
78591,SANTA ELENA,TX,STARR
78592,SANTA MARIA,TX,CAMERON
78593,SANTA ROSA,TX,CAMERON
78594,SEBASTIAN,TX,WILLACY
78595,SULLIVAN CITY,TX,HIDALGO
78596,WESLACO,TX,HIDALGO
78597,SOUTH PADRE ISLAND,TX,CAMERON
78598,PORT MANSFIELD,TX,WILLACY
78599,WESLACO,TX,HIDALGO
78602,BASTROP,TX,BASTROP
78604,BELMONT,TX,GONZALES
78605,BERTRAM,TX,BURNET
78606,BLANCO,TX,BLANCO
78607,BLUFFTON,TX,LLANO
78608,BRIGGS,TX,BURNET
78609,BUCHANAN DAM,TX,LLANO
78610,BUDA,TX,HAYS
78611,BURNET,TX,BURNET
78612,CEDAR CREEK,TX,BASTROP
78613,CEDAR PARK,TX,WILLIAMSON
78614,COST,TX,GONZALES
78615,COUPLAND,TX,WILLIAMSON
78616,DALE,TX,CALDWELL
78617,DEL VALLE,TX,TRAVIS
78618,DOSS,TX,GILLESPIE
78620,DRIPPING SPRINGS,TX,HAYS
78621,ELGIN,TX,BASTROP
78622,FENTRESS,TX,CALDWELL
78623,FISCHER,TX,COMAL
78624,FREDERICKSBURG,TX,GILLESPIE
78626,GEORGETOWN,TX,WILLIAMSON
78627,GEORGETOWN,TX,WILLIAMSON
78628,GEORGETOWN,TX,WILLIAMSON
78629,GONZALES,TX,GONZALES
78630,CEDAR PARK,TX,WILLIAMSON
78631,HARPER,TX,GILLESPIE
78633,GEORGETOWN,TX,WILLIAMSON
78634,HUTTO,TX,WILLIAMSON
78635,HYE,TX,BLANCO
78636,JOHNSON CITY,TX,BLANCO
78638,KINGSBURY,TX,GUADALUPE
78639,KINGSLAND,TX,LLANO
78640,KYLE,TX,HAYS
78641,LEANDER,TX,WILLIAMSON
78643,LLANO,TX,LLANO
78644,LOCKHART,TX,CALDWELL
78645,LEANDER,TX,TRAVIS
78646,LEANDER,TX,WILLIAMSON
78648,LULING,TX,CALDWELL
78650,MC DADE,TX,BASTROP
78652,MANCHACA,TX,TRAVIS
78653,MANOR,TX,TRAVIS
78654,MARBLE FALLS,TX,BURNET
78655,MARTINDALE,TX,CALDWELL
78656,MAXWELL,TX,CALDWELL
78657,HORSESHOE BAY,TX,LLANO
78659,PAIGE,TX,BASTROP
78660,PFLUGERVILLE,TX,TRAVIS
78661,PRAIRIE LEA,TX,CALDWELL
78662,RED ROCK,TX,BASTROP
78663,ROUND MOUNTAIN,TX,BLANCO
78664,ROUND ROCK,TX,WILLIAMSON
78665,ROUND ROCK,TX,WILLIAMSON
78666,SAN MARCOS,TX,HAYS
78667,SAN MARCOS,TX,HAYS
78670,STAPLES,TX,GUADALUPE
78671,STONEWALL,TX,GILLESPIE
78672,TOW,TX,LLANO
78673,WALBURG,TX,WILLIAMSON
78674,WEIR,TX,WILLIAMSON
78675,WILLOW CITY,TX,GILLESPIE
78676,WIMBERLEY,TX,HAYS
78680,ROUND ROCK,TX,WILLIAMSON
78681,ROUND ROCK,TX,WILLIAMSON
78682,ROUND ROCK,TX,WILLIAMSON
78683,ROUND ROCK,TX,WILLIAMSON
78691,PFLUGERVILLE,TX,TRAVIS
78701,AUSTIN,TX,TRAVIS
78702,AUSTIN,TX,TRAVIS
78703,AUSTIN,TX,TRAVIS
78704,AUSTIN,TX,TRAVIS
78705,AUSTIN,TX,TRAVIS
78708,AUSTIN,TX,TRAVIS
78709,AUSTIN,TX,TRAVIS
78710,AUSTIN,TX,TRAVIS
78711,AUSTIN,TX,TRAVIS
78712,AUSTIN,TX,TRAVIS
78713,AUSTIN,TX,TRAVIS
78714,AUSTIN,TX,TRAVIS
78715,AUSTIN,TX,TRAVIS
78716,AUSTIN,TX,TRAVIS
78717,AUSTIN,TX,WILLIAMSON
78718,AUSTIN,TX,TRAVIS
78719,AUSTIN,TX,TRAVIS
78720,AUSTIN,TX,TRAVIS
78721,AUSTIN,TX,TRAVIS
78722,AUSTIN,TX,TRAVIS
78723,AUSTIN,TX,TRAVIS
78724,AUSTIN,TX,TRAVIS
78725,AUSTIN,TX,TRAVIS
78726,AUSTIN,TX,TRAVIS
78727,AUSTIN,TX,TRAVIS
78728,AUSTIN,TX,TRAVIS
78729,AUSTIN,TX,WILLIAMSON
78730,AUSTIN,TX,TRAVIS
78731,AUSTIN,TX,TRAVIS
78732,AUSTIN,TX,TRAVIS
78733,AUSTIN,TX,TRAVIS
78734,AUSTIN,TX,TRAVIS
78735,AUSTIN,TX,TRAVIS
78736,AUSTIN,TX,TRAVIS
78737,AUSTIN,TX,HAYS
78738,AUSTIN,TX,TRAVIS
78739,AUSTIN,TX,TRAVIS
78741,AUSTIN,TX,TRAVIS
78742,AUSTIN,TX,TRAVIS
78744,AUSTIN,TX,TRAVIS
78745,AUSTIN,TX,TRAVIS
78746,AUSTIN,TX,TRAVIS
78747,AUSTIN,TX,TRAVIS
78748,AUSTIN,TX,TRAVIS
78749,AUSTIN,TX,TRAVIS
78750,AUSTIN,TX,TRAVIS
78751,AUSTIN,TX,TRAVIS
78752,AUSTIN,TX,TRAVIS
78753,AUSTIN,TX,TRAVIS
78754,AUSTIN,TX,TRAVIS
78755,AUSTIN,TX,TRAVIS
78756,AUSTIN,TX,TRAVIS
78757,AUSTIN,TX,TRAVIS
78758,AUSTIN,TX,TRAVIS
78759,AUSTIN,TX,TRAVIS
78760,AUSTIN,TX,TRAVIS
78761,AUSTIN,TX,TRAVIS
78762,AUSTIN,TX,TRAVIS
78763,AUSTIN,TX,TRAVIS
78764,AUSTIN,TX,TRAVIS
78765,AUSTIN,TX,TRAVIS
78766,AUSTIN,TX,TRAVIS
78767,AUSTIN,TX,TRAVIS
78768,AUSTIN,TX,TRAVIS
78772,AUSTIN,TX,TRAVIS
78774,AUSTIN,TX,TRAVIS
78778,AUSTIN,TX,TRAVIS
78801,UVALDE,TX,UVALDE
78802,UVALDE,TX,UVALDE
78827,ASHERTON,TX,DIMMIT
78828,BARKSDALE,TX,EDWARDS
78829,BATESVILLE,TX,ZAVALA
78830,BIG WELLS,TX,DIMMIT
78832,BRACKETTVILLE,TX,KINNEY
78834,CARRIZO SPRINGS,TX,DIMMIT
78836,CATARINA,TX,DIMMIT
78838,CONCAN,TX,UVALDE
78839,CRYSTAL CITY,TX,ZAVALA
78840,DEL RIO,TX,VAL VERDE
78841,DEL RIO,TX,VAL VERDE
78842,DEL RIO,TX,VAL VERDE
78843,LAUGHLIN AFB,TX,VAL VERDE
78850,D HANIS,TX,MEDINA
78851,DRYDEN,TX,TERRELL
78852,EAGLE PASS,TX,MAVERICK
78853,EAGLE PASS,TX,MAVERICK
78860,EL INDIO,TX,MAVERICK
78861,HONDO,TX,MEDINA
78870,KNIPPA,TX,UVALDE
78872,LA PRYOR,TX,ZAVALA
78873,LEAKEY,TX,REAL
78877,QUEMADO,TX,MAVERICK
78879,RIO FRIO,TX,REAL
78880,ROCKSPRINGS,TX,EDWARDS
78881,SABINAL,TX,UVALDE
78883,TARPLEY,TX,BANDERA
78884,UTOPIA,TX,UVALDE
78885,VANDERPOOL,TX,BANDERA
78886,YANCEY,TX,MEDINA
78931,BLEIBLERVILLE,TX,AUSTIN
78932,CARMINE,TX,FAYETTE
78933,CAT SPRING,TX,AUSTIN
78934,COLUMBUS,TX,COLORADO
78935,ALLEYTON,TX,COLORADO
78938,ELLINGER,TX,FAYETTE
78940,FAYETTEVILLE,TX,FAYETTE
78941,FLATONIA,TX,FAYETTE
78942,GIDDINGS,TX,LEE
78943,GLIDDEN,TX,COLORADO
78944,INDUSTRY,TX,AUSTIN
78945,LA GRANGE,TX,FAYETTE
78946,LEDBETTER,TX,FAYETTE
78947,LEXINGTON,TX,LEE
78948,LINCOLN,TX,LEE
78949,MULDOON,TX,FAYETTE
78950,NEW ULM,TX,AUSTIN
78951,OAKLAND,TX,COLORADO
78952,PLUM,TX,FAYETTE
78953,ROSANKY,TX,BASTROP
78954,ROUND TOP,TX,FAYETTE
78956,SCHULENBURG,TX,FAYETTE
78957,SMITHVILLE,TX,BASTROP
78959,WAELDER,TX,GONZALES
78960,WARDA,TX,FAYETTE
78962,WEIMAR,TX,COLORADO
78963,WEST POINT,TX,FAYETTE
79007,BORGER,TX,HUTCHINSON
79008,BORGER,TX,HUTCHINSON
79036,FRITCH,TX,HUTCHINSON
79078,SANFORD,TX,HUTCHINSON
79083,STINNETT,TX,HUTCHINSON
79201,CHILDRESS,TX,CHILDRESS
79220,AFTON,TX,DICKENS
79221,AIKEN,TX,FLOYD
79225,CHILLICOTHE,TX,HARDEMAN
79226,CLARENDON,TX,DONLEY
79227,CROWELL,TX,FOARD
79229,DICKENS,TX,DICKENS
79231,DOUGHERTY,TX,FLOYD
79233,ESTELLINE,TX,HALL
79234,FLOMOT,TX,MOTLEY
79235,FLOYDADA,TX,FLOYD
79237,HEDLEY,TX,DONLEY
79239,LAKEVIEW,TX,HALL
79240,LELIA LAKE,TX,DONLEY
79241,LOCKNEY,TX,FLOYD
79243,MCADOO,TX,DICKENS
79244,MATADOR,TX,MOTLEY
79245,MEMPHIS,TX,HALL
79248,PADUCAH,TX,COTTLE
79252,QUANAH,TX,HARDEMAN
79255,QUITAQUE,TX,BRISCOE
79256,ROARING SPRINGS,TX,MOTLEY
79257,SILVERTON,TX,BRISCOE
79261,TURKEY,TX,HALL
79322,CROSBYTON,TX,CROSBY
79329,IDALOU,TX,LUBBOCK
79330,JUSTICEBURG,TX,GARZA
79331,LAMESA,TX,DAWSON
79343,LORENZO,TX,CROSBY
79350,NEW DEAL,TX,LUBBOCK
79356,POST,TX,GARZA
79357,RALLS,TX,CROSBY
79363,SHALLOWATER,TX,LUBBOCK
79364,SLATON,TX,LUBBOCK
79366,RANSOM CANYON,TX,LUBBOCK
79370,SPUR,TX,DICKENS
79377,WELCH,TX,DAWSON
79382,WOLFFORTH,TX,LUBBOCK
79401,LUBBOCK,TX,LUBBOCK
79402,LUBBOCK,TX,LUBBOCK
79403,LUBBOCK,TX,LUBBOCK
79404,LUBBOCK,TX,LUBBOCK
79406,LUBBOCK,TX,LUBBOCK
79407,LUBBOCK,TX,LUBBOCK
79408,LUBBOCK,TX,LUBBOCK
79409,LUBBOCK,TX,LUBBOCK
79410,LUBBOCK,TX,LUBBOCK
79411,LUBBOCK,TX,LUBBOCK
79412,LUBBOCK,TX,LUBBOCK
79413,LUBBOCK,TX,LUBBOCK
79414,LUBBOCK,TX,LUBBOCK
79415,LUBBOCK,TX,LUBBOCK
79416,LUBBOCK,TX,LUBBOCK
79423,LUBBOCK,TX,LUBBOCK
79424,LUBBOCK,TX,LUBBOCK
79430,LUBBOCK,TX,LUBBOCK
79452,LUBBOCK,TX,LUBBOCK
79453,LUBBOCK,TX,LUBBOCK
79464,LUBBOCK,TX,LUBBOCK
79490,LUBBOCK,TX,LUBBOCK
79493,LUBBOCK,TX,LUBBOCK
79499,LUBBOCK,TX,LUBBOCK
79501,ANSON,TX,JONES
79502,ASPERMONT,TX,STONEWALL
79503,AVOCA,TX,JONES
79504,BAIRD,TX,CALLAHAN
79505,BENJAMIN,TX,KNOX
79506,BLACKWELL,TX,NOLAN
79508,BUFFALO GAP,TX,TAYLOR
79510,CLYDE,TX,CALLAHAN
79511,COAHOMA,TX,HOWARD
79512,COLORADO CITY,TX,MITCHELL
79517,FLUVANNA,TX,SCURRY
79519,GOLDSBORO,TX,COLEMAN
79520,HAMLIN,TX,JONES
79521,HASKELL,TX,HASKELL
79525,HAWLEY,TX,JONES
79526,HERMLEIGH,TX,SCURRY
79527,IRA,TX,SCURRY
79528,JAYTON,TX,KENT
79529,KNOX CITY,TX,KNOX
79530,LAWN,TX,TAYLOR
79532,LORAINE,TX,MITCHELL
79533,LUEDERS,TX,JONES
79535,MARYNEAL,TX,NOLAN
79536,MERKEL,TX,TAYLOR
79538,NOVICE,TX,COLEMAN
79539,O BRIEN,TX,HASKELL
79540,OLD GLORY,TX,STONEWALL
79541,OVALO,TX,TAYLOR
79543,ROBY,TX,FISHER
79544,ROCHESTER,TX,HASKELL
79545,ROSCOE,TX,NOLAN
79546,ROTAN,TX,FISHER
79547,RULE,TX,HASKELL
79548,RULE,TX,HASKELL
79549,SNYDER,TX,SCURRY
79550,SNYDER,TX,SCURRY
79553,STAMFORD,TX,JONES
79556,SWEETWATER,TX,NOLAN
79560,SYLVESTER,TX,FISHER
79561,TRENT,TX,TAYLOR
79562,TUSCOLA,TX,TAYLOR
79563,TYE,TX,TAYLOR
79565,WESTBROOK,TX,MITCHELL
79566,WINGATE,TX,RUNNELS
79567,WINTERS,TX,RUNNELS
79601,ABILENE,TX,TAYLOR
79602,ABILENE,TX,TAYLOR
79603,ABILENE,TX,TAYLOR
79604,ABILENE,TX,TAYLOR
79605,ABILENE,TX,TAYLOR
79606,ABILENE,TX,TAYLOR
79607,DYESS AFB,TX,TAYLOR
79608,ABILENE,TX,TAYLOR
79697,ABILENE,TX,TAYLOR
79698,ABILENE,TX,TAYLOR
79699,ABILENE,TX,TAYLOR
79701,MIDLAND,TX,MIDLAND
79702,MIDLAND,TX,MIDLAND
79703,MIDLAND,TX,MIDLAND
79704,MIDLAND,TX,MIDLAND
79705,MIDLAND,TX,MIDLAND
79706,MIDLAND,TX,MIDLAND
79707,MIDLAND,TX,MIDLAND
79708,MIDLAND,TX,MIDLAND
79710,MIDLAND,TX,MIDLAND
79711,MIDLAND,TX,MIDLAND
79713,ACKERLY,TX,MARTIN
79714,ANDREWS,TX,ANDREWS
79718,BALMORHEA,TX,REEVES
79719,BARSTOW,TX,WARD
79720,BIG SPRING,TX,HOWARD
79721,BIG SPRING,TX,HOWARD
79730,COYANOSA,TX,PECOS
79731,CRANE,TX,CRANE
79733,FORSAN,TX,HOWARD
79734,FORT DAVIS,TX,JEFF DAVIS
79735,FORT STOCKTON,TX,PECOS
79738,GAIL,TX,BORDEN
79739,GARDEN CITY,TX,GLASSCOCK
79741,GOLDSMITH,TX,ECTOR
79742,GRANDFALLS,TX,WARD
79743,IMPERIAL,TX,PECOS
79744,IRAAN,TX,PECOS
79745,KERMIT,TX,WINKLER
79748,KNOTT,TX,HOWARD
79749,LENORAH,TX,MARTIN
79752,MC CAMEY,TX,UPTON
79754,MENTONE,TX,LOVING
79755,MIDKIFF,TX,UPTON
79756,MONAHANS,TX,WARD
79758,GARDENDALE,TX,ECTOR
79759,NOTREES,TX,ECTOR
79760,ODESSA,TX,ECTOR
79761,ODESSA,TX,ECTOR
79762,ODESSA,TX,ECTOR
79763,ODESSA,TX,ECTOR
79764,ODESSA,TX,ECTOR
79765,ODESSA,TX,ECTOR
79766,ODESSA,TX,ECTOR
79768,ODESSA,TX,ECTOR
79769,ODESSA,TX,ECTOR
79770,ORLA,TX,REEVES
79772,PECOS,TX,REEVES
79776,PENWELL,TX,ECTOR
79777,PYOTE,TX,WARD
79778,RANKIN,TX,UPTON
79780,SARAGOSA,TX,REEVES
79781,SHEFFIELD,TX,PECOS
79782,STANTON,TX,MARTIN
79783,TARZAN,TX,MARTIN
79785,TOYAH,TX,REEVES
79786,TOYAHVALE,TX,REEVES
79788,WICKETT,TX,WARD
79789,WINK,TX,WINKLER
79830,ALPINE,TX,BREWSTER
79831,ALPINE,TX,BREWSTER
79832,ALPINE,TX,BREWSTER
79834,BIG BEND NATIONAL PARK,TX,BREWSTER
79842,MARATHON,TX,BREWSTER
79843,MARFA,TX,PRESIDIO
79845,PRESIDIO,TX,PRESIDIO
79848,SANDERSON,TX,TERRELL
79852,TERLINGUA,TX,BREWSTER
79854,VALENTINE,TX,PRESIDIO
79855,VAN HORN,TX,CULBERSON